epoch,lr,train_loss,val_loss,val_psnr,val_ssim,best_val
1,0.0001,0.10197991562633255,0.037330510323507746,25.717340837445175,0.8069773891515899,0.8069773891515899
2,0.0001,0.03148654841075399,0.025603909241525752,28.38733766790022,0.8765474955240885,0.8765474955240885
3,0.0001,0.023883219118471497,0.021673980512117084,30.00207733689693,0.8559896904125548,0.8765474955240885
4,0.0001,0.021641418947811016,0.020741699034707586,30.86643794544956,0.7965192292865954,0.8765474955240885
5,0.0001,0.018405481156317578,0.01541941103182341,31.55397435238487,0.9346285368266859,0.9346285368266859
6,0.0001,0.016298957735474347,0.013908573409967255,31.77248877809759,0.9484730101468271,0.9484730101468271
7,0.0001,0.015076644704123454,0.014350961174881249,31.92140385142544,0.9326719986765009,0.9484730101468271
8,0.0001,0.014992125550208733,0.015227407739873518,32.01668508429276,0.8892290215743216,0.9484730101468271
